{"cameraMode":{"drawMode":0,"name":"Shaded","section":"Shading Mode"},"sceneLighting":true,"audioPlay":false,"sceneViewState":{"m_AlwaysRefresh":false,"showFog":true,"showSkybox":true,"showFlares":true,"showImageEffects":true,"showParticleSystems":true,"showVisualEffectGraphs":true,"m_FxEnabled":true},"in2DMode":false,"pivot":{"x":3.1757185459136965,"y":-0.09410355985164643,"z":11.829448699951172},"rotation":{"x":0.20994675159454347,"y":0.12572892010211945,"z":-0.0272386334836483,"w":0.9692657589912415},"size":12.669951438903809,"orthographic":false}